Powerball Numbers,Ball Play,Pick 5 Numbers,Mega Millions Numbers,Mega Millions Ball,Lucky For Life Numbers,Lucky Number,Pick 3 Numbers,2 By 2 Red,2 By 2 White,Date
,,"23, 3, 4, 6, 16",,,,,,,,10/19/2018
,,,"2, 1, 42, 19, 55",19,,,,,,10/19/2018
,,"31, 27, 4, 5, 2",,,,,,,,12/02/19
,,,"38, 1, 4, 5, 37",2,,,,,,12/02/19
,,"24, 34, 18, 28, 21",,,,,,,,10/28/20
,,"2, 3, 26, 29, 10",,,,,,,,11/02/20
,,"2, 27, 4, 18, 14",,,,,,,,12/04/20
,,"14, 7, 25, 18, 6",,,,,,,,12/09/20
,,,"68, 3, 18, 5, 15",17,,,,,,01/13/21
"55, 13, 29, 52, 6",2,,,,,,,,,01/20/21
,,,"55, 3, 67, 5, 48",18,,,,,,01/22/21
